Unit,Topic,Subtopic
"UNIT 1: Motion, Forces & Energy",1.1 Physical Quantites & Measurement Techniques,Measurement
"UNIT 1: Motion, Forces & Energy",1.1 Physical Quantites & Measurement Techniques,Scalars & Vectors
"UNIT 1: Motion, Forces & Energy",1.1 Physical Quantites & Measurement Techniques,Calculating with Vectors
"UNIT 1: Motion, Forces & Energy",1.2 Motion,Speed & Velocity
"UNIT 1: Motion, Forces & Energy",1.2 Motion,Acceleration
"UNIT 1: Motion, Forces & Energy",1.2 Motion,Distance-Time Graphs
"UNIT 1: Motion, Forces & Energy",1.2 Motion,Speed-Time Graphs
"UNIT 1: Motion, Forces & Energy",1.2 Motion,Calculating Acceleration from Speed-Time Graphs
"UNIT 1: Motion, Forces & Energy",1.2 Motion,Freefall
"UNIT 1: Motion, Forces & Energy",1.2 Motion,terminal velocity
"UNIT 1: Motion, Forces & Energy",1.3 Mass & weight,Mass & Weight
"UNIT 1: Motion, Forces & Energy",1.3 Mass & weight,Measuring Mass & Weight
"UNIT 1: Motion, Forces & Energy",1.4 Density ,Density
"UNIT 1: Motion, Forces & Energy",1.4 Density ,Measuring Density
"UNIT 1: Motion, Forces & Energy",1.5 Forces,Resultant Forces
"UNIT 1: Motion, Forces & Energy",1.5 Forces,Newton's First Law
"UNIT 1: Motion, Forces & Energy",1.5 Forces,Newton's Second Law
"UNIT 1: Motion, Forces & Energy",1.5 Forces,Newton's Third Law
"UNIT 1: Motion, Forces & Energy",1.5 Forces,Investigating Force & Extension
"UNIT 1: Motion, Forces & Energy",1.5 Forces,Hooke's Law
"UNIT 1: Motion, Forces & Energy",1.5 Forces,Circular Motion
"UNIT 1: Motion, Forces & Energy",1.5 Forces,Friction
"UNIT 1: Motion, Forces & Energy",1.5 Forces,Stopping Distances
"UNIT 1: Motion, Forces & Energy",1.5 Forces,Moments
"UNIT 1: Motion, Forces & Energy",1.5 Forces,Equilibrium
"UNIT 1: Motion, Forces & Energy",1.5 Forces,Centre of Gravity
"UNIT 1: Motion, Forces & Energy",1.5 Forces,Investigating Centre of Gravity
"UNIT 1: Motion, Forces & Energy",1.6 Momentum,Momentum
"UNIT 1: Motion, Forces & Energy",1.6 Momentum,Impulse
"UNIT 1: Motion, Forces & Energy","1.7 Energy, Work and Power",Energy Stores & Transfers
"UNIT 1: Motion, Forces & Energy","1.7 Energy, Work and Power",Kinetic Energy
"UNIT 1: Motion, Forces & Energy","1.7 Energy, Work and Power",Gravitational Potential Energy
"UNIT 1: Motion, Forces & Energy","1.7 Energy, Work and Power",Elastic Potential Energy
"UNIT 1: Motion, Forces & Energy","1.7 Energy, Work and Power",Conservation of Energy
"UNIT 1: Motion, Forces & Energy","1.7 Energy, Work and Power",Work
"UNIT 1: Motion, Forces & Energy","1.7 Energy, Work and Power",Power
"UNIT 1: Motion, Forces & Energy","1.7 Energy, Work and Power",Efficiency
"UNIT 1: Motion, Forces & Energy","1.7 Energy, Work and Power",Energy Resources
"UNIT 1: Motion, Forces & Energy","1.7 Energy, Work and Power",Energy from the Sun
"UNIT 1: Motion, Forces & Energy","1.7 Energy, Work and Power",Energy from Fuels
"UNIT 1: Motion, Forces & Energy","1.7 Energy, Work and Power",Energy from Water
"UNIT 1: Motion, Forces & Energy","1.7 Energy, Work and Power",Geothermal Energy
"UNIT 1: Motion, Forces & Energy","1.7 Energy, Work and Power",Energy from Wind
"UNIT 1: Motion, Forces & Energy",1.8 Pressure,Pressure & Forces
"UNIT 1: Motion, Forces & Energy",1.8 Pressure,Pressure in a Liquid
"UNIT 1: Motion, Forces & Energy",1.8 Pressure,Atmospheric pressure
UNIT 2: THERMAL PHYSICS,2.1 Kinetic Particle model of matter,States of Matter
UNIT 2: THERMAL PHYSICS,2.1 Kinetic Particle model of matter,Particle Model
UNIT 2: THERMAL PHYSICS,2.1 Kinetic Particle model of matter,Temperature & Pressure
UNIT 2: THERMAL PHYSICS,2.1 Kinetic Particle model of matter,Gases & Absolute Temperature
UNIT 2: THERMAL PHYSICS,2.2 Thermal properties & Temperature,Thermal Expansion
UNIT 2: THERMAL PHYSICS,2.2 Thermal properties & Temperature,Specific Heat Capacity
UNIT 2: THERMAL PHYSICS,2.2 Thermal properties & Temperature,Specific Latent Heat
UNIT 2: THERMAL PHYSICS,2.2 Thermal properties & Temperature,"Melting, Boiling & Evaporation"
UNIT 2: THERMAL PHYSICS,2.2 Thermal properties & Temperature,Evaporation
UNIT 2: THERMAL PHYSICS,2.3 Transfer of Thermal Energy,Demonstrating Conduction
UNIT 2: THERMAL PHYSICS,2.3 Transfer of Thermal Energy,Thermal Conduction
UNIT 2: THERMAL PHYSICS,2.3 Transfer of Thermal Energy,Convection
UNIT 2: THERMAL PHYSICS,2.3 Transfer of Thermal Energy,Radiation
UNIT 2: THERMAL PHYSICS,2.3 Transfer of Thermal Energy,Investigating Radiation
UNIT 2: THERMAL PHYSICS,2.3 Transfer of Thermal Energy,Consequences of Thermal Energy Transfer
UNIT 3: Waves ,3.1 General Properties of Waves,Features of Waves
UNIT 3: Waves ,3.1 General Properties of Waves,The Wave Equation
UNIT 3: Waves ,3.1 General Properties of Waves,Transverse & Longitudinal Waves
UNIT 3: Waves ,3.1 General Properties of Waves,Wave Behaviour
UNIT 3: Waves ,3.1 General Properties of Waves,Ripple Tank
UNIT 3: Waves ,3.2 Light,Reflection of Light
UNIT 3: Waves ,3.2 Light,Investigating Reflection
UNIT 3: Waves ,3.2 Light,Refraction of Light
UNIT 3: Waves ,3.2 Light,Snell's Law
UNIT 3: Waves ,3.2 Light,Total Internal Reflection
UNIT 3: Waves ,3.2 Light,Thin Lenses
UNIT 3: Waves ,3.2 Light,Ray Diagrams
UNIT 3: Waves ,3.2 Light,Linear Magnification
UNIT 3: Waves ,3.2 Light,Uses of Lenses
UNIT 3: Waves ,3.2 Light,Dispersion of Light
UNIT 3: Waves ,3.3 Electromagnetic Spectrum,Electromagnetic Waves
UNIT 3: Waves ,3.3 Electromagnetic Spectrum,Uses of Electromagnetic Waves
UNIT 3: Waves ,3.3 Electromagnetic Spectrum,Dangers of Electromagnetic Waves
UNIT 3: Waves ,3.4 Sound,Sound Waves
UNIT 3: Waves ,3.4 Sound,Properties of Sound Waves
UNIT 3: Waves ,3.4 Sound,Reflection of Sound Waves
UNIT 3: Waves ,3.4 Sound,Measuring the Speed of Sound
UNIT 3: Waves ,3.4 Sound,Ultrasound
UNIT 4: Electricity & Magnetism,4.1 Simple Magnetism & Magnetic Fields,Magnetism
UNIT 4: Electricity & Magnetism,4.1 Simple Magnetism & Magnetic Fields,Magnets
UNIT 4: Electricity & Magnetism,4.1 Simple Magnetism & Magnetic Fields,Magnetic Fields
UNIT 4: Electricity & Magnetism,4.1 Simple Magnetism & Magnetic Fields,Plotting Magnetic Fields
UNIT 4: Electricity & Magnetism,4.2 Electrical Quantities,Electrical Charge
UNIT 4: Electricity & Magnetism,4.2 Electrical Quantities,Demonstrating Electric Charges
UNIT 4: Electricity & Magnetism,4.2 Electrical Quantities,Static Electricity
UNIT 4: Electricity & Magnetism,4.2 Electrical Quantities,Electric Fields
UNIT 4: Electricity & Magnetism,4.2 Electrical Quantities,Investigating Conductors & Insulators
UNIT 4: Electricity & Magnetism,4.2 Electrical Quantities,Electrical Current
UNIT 4: Electricity & Magnetism,4.2 Electrical Quantities,Electromotive Force & Potential Difference
UNIT 4: Electricity & Magnetism,4.2 Electrical Quantities,Resistance
UNIT 4: Electricity & Magnetism,4.2 Electrical Quantities,Resistance of a Wire
UNIT 4: Electricity & Magnetism,4.3 Electric Circuits,Circuit Diagrams & Circuit Components
UNIT 4: Electricity & Magnetism,4.3 Electric Circuits,Current in Circuits
UNIT 4: Electricity & Magnetism,4.3 Electric Circuits,Potential Difference in Circuits
UNIT 4: Electricity & Magnetism,4.3 Electric Circuits,Combined Resistance
UNIT 4: Electricity & Magnetism,4.3 Electric Circuits,Potential Dividers
UNIT 4: Electricity & Magnetism,4.4 Practical Electricity,Electrical Safety
UNIT 4: Electricity & Magnetism,4.4 Practical Electricity,Electrical Energy
UNIT 4: Electricity & Magnetism,4.4 Practical Electricity,Electrical Power
UNIT 4: Electricity & Magnetism,4.5 Electromagnetic Effects ,Electromagnetic Induction
UNIT 4: Electricity & Magnetism,4.5 Electromagnetic Effects ,Demonstrating Induction
UNIT 4: Electricity & Magnetism,4.5 Electromagnetic Effects ,The A.C. Generator
UNIT 4: Electricity & Magnetism,4.5 Electromagnetic Effects ,Magnetic Effect of a Current
UNIT 4: Electricity & Magnetism,4.5 Electromagnetic Effects ,Force on a Current-Carrying Conductor
UNIT 4: Electricity & Magnetism,4.5 Electromagnetic Effects ,Fields Around Parallel Conductors
UNIT 4: Electricity & Magnetism,4.5 Electromagnetic Effects ,Electric Motors
UNIT 4: Electricity & Magnetism,4.5 Electromagnetic Effects ,Transformers
UNIT 4: Electricity & Magnetism,4.5 Electromagnetic Effects ,Transformer Calculations
UNIT 4: Electricity & Magnetism,4.6 Uses of Oscilloscope,Uses of an Oscilloscope
UNIT 5: Nuclear Physics,5.1 The Nuclear Model of the Atom,The Atom
UNIT 5: Nuclear Physics,5.1 The Nuclear Model of the Atom,The Nucleus
UNIT 5: Nuclear Physics,5.2 Radioactivity,Detection of Radioactivity
UNIT 5: Nuclear Physics,5.2 Radioactivity,Background Radiation
UNIT 5: Nuclear Physics,5.2 Radioactivity,The Three Types of Emission
UNIT 5: Nuclear Physics,5.2 Radioactivity,Radioactive Decay
UNIT 5: Nuclear Physics,5.2 Radioactivity,Fusion
UNIT 5: Nuclear Physics,5.2 Radioactivity,Fission
UNIT 5: Nuclear Physics,5.2 Radioactivity,Half-Life
UNIT 5: Nuclear Physics,5.2 Radioactivity,Uses of Radiation
UNIT 5: Nuclear Physics,5.2 Radioactivity,Dangers of Radiation
UNIT 6: SPACE PHYSICS,6.1 Earth &The Solar System,"The Earth, Moon & Sun"
UNIT 6: SPACE PHYSICS,6.1 Earth &The Solar System,Calculating Orbital Speeds
UNIT 6: SPACE PHYSICS,6.1 Earth &The Solar System,The Solar System
UNIT 6: SPACE PHYSICS,6.1 Earth &The Solar System,Orbiting Bodies
UNIT 6: SPACE PHYSICS,6.1 Earth &The Solar System,Gravitational Effects on Orbits
UNIT 6: SPACE PHYSICS,6.2 Stars & The Universe,The Sun as a Star
UNIT 6: SPACE PHYSICS,6.2 Stars & The Universe,Stars
UNIT 6: SPACE PHYSICS,6.2 Stars & The Universe,The Universe
